nwid,filename
NWD617055,7778704057_R03C01.gtc.txt
NWD908765,7778691125_R04C01.gtc.txt
NWD145138,8391288008_R02C01.gtc.txt
NWD556641,7778691002_R08C01.gtc.txt
NWD184608,8490981003_R03C01.gtc.txt
NWD536049,8478359171_R08C01.gtc.txt
NWD437945,7822710003_R02C01.gtc.txt
NWD929255,8478359209_R06C01.gtc.txt
NWD429967,7731172012_R06C01.gtc.txt
NWD508646,7802989078_R06C01.gtc.txt
NWD350048,8478359159_R03C01.gtc.txt
NWD878604,7778704160_R01C01.gtc.txt
NWD805378,8391288016_R06C01.gtc.txt
NWD405130,8391288090_R01C01.gtc.txt
NWD390007,8478359167_R01C01.gtc.txt
NWD455520,8391288122_R02C01.gtc.txt
NWD914515,7778704029_R03C01.gtc.txt
NWD945876,7778704029_R02C01.gtc.txt
NWD599824,7778704007_R03C01.gtc.txt
NWD822727,7778704151_R02C01.gtc.txt
NWD996853,7802989026_R05C01.gtc.txt
NWD171719,8490981047_R02C01.gtc.txt
NWD677842,7731172003_R06C01.gtc.txt
NWD554427,8391288156_R08C01.gtc.txt
NWD993534,8391270012_R03C01.gtc.txt
NWD145766,8391270012_R03C01.gtc.txt
NWD898964,7778712034_R05C01.gtc.txt
NWD108824,7778704081_R01C01.gtc.txt
NWD879822,7822710005_R06C01.gtc.txt
NWD154967,8494893065_R04C01.gtc.txt
NWD232807,8490981076_R07C01.gtc.txt
NWD592986,8391261095_R07C01.gtc.txt
NWD874677,7802989049_R03C01.gtc.txt
NWD156203,7731172094_R05C01.gtc.txt
NWD896695,7815181177_R04C01.gtc.txt
NWD897226,8490981111_R01C01.gtc.txt
NWD371797,8478359159_R02C01.gtc.txt
NWD676838,7778712010_R03C01.gtc.txt
NWD772530,8478359108_R08C01.gtc.txt
NWD934674,8391261167_R07C01.gtc.txt
NWD882797,8391296003_R08C01.gtc.txt
NWD282095,8391261022_R07C01.gtc.txt
NWD936886,8490981081_R05C01.gtc.txt
NWD764288,7778704140_R08C01.gtc.txt
NWD179811,8490981009_R08C01.gtc.txt
NWD942821,7802997201_R02C01.gtc.txt
NWD393182,8478359139_R04C01.gtc.txt
NWD845581,8478359150_R08C01.gtc.txt
NWD571612,7778691021_R02C01.gtc.txt
NWD560673,8391296125_R02C01.gtc.txt
NWD561786,7778712040_R04C01.gtc.txt
NWD817118,8490981010_R01C01.gtc.txt
NWD188956,7822752006_R02C01.gtc.txt
NWD797211,8391261106_R04C01.gtc.txt
NWD506212,8478359185_R07C01.gtc.txt
NWD558738,8391288162_R04C01.gtc.txt
NWD839191,8495044082_R02C01.gtc.txt
NWD670282,7778704072_R07C01.gtc.txt
NWD184970,8391270049_R04C01.gtc.txt
NWD606488,8391270137_R01C01.gtc.txt
NWD322166,7778691078_R01C01.gtc.txt
NWD935314,8391288017_R08C01.gtc.txt
NWD128252,8391309001_R04C01.gtc.txt
NWD569911,7802989066_R04C01.gtc.txt
NWD734242,8391296018_R06C01.gtc.txt
NWD940432,8490981041_R08C01.gtc.txt
NWD809358,8478359210_R04C01.gtc.txt
NWD457947,8490981126_R02C01.gtc.txt
NWD318046,7731172095_R04C01.gtc.txt
NWD102383,7731172094_R01C01.gtc.txt
NWD575158,8478359113_R07C01.gtc.txt
NWD633029,7802997083_R03C01.gtc.txt
NWD347258,8391253080_R06C01.gtc.txt
NWD696617,7731172072_R08C01.gtc.txt
NWD408723,7778712095_R05C01.gtc.txt
NWD828967,8391296045_R06C01.gtc.txt
NWD268210,8478359102_R04C01.gtc.txt
NWD973484,7731172082_R06C01.gtc.txt
NWD578185,8478359022_R06C01.gtc.txt
NWD573756,7731172095_R07C01.gtc.txt
NWD898685,7778691039_R06C01.gtc.txt
NWD126936,7802989048_R01C01.gtc.txt
NWD633666,8391261019_R05C01.gtc.txt
NWD550503,8391296057_R06C01.gtc.txt
NWD184166,7800254026_R07C01.gtc.txt
NWD322834,7802997142_R05C01.gtc.txt
NWD970454,8391270152_R06C01.gtc.txt
NWD693050,8391245087_R08C01.gtc.txt
NWD869132,7731172042_R07C01.gtc.txt
NWD222449,7800254119_R07C01.gtc.txt
NWD896362,7802997179_R06C01.gtc.txt
NWD788505,7778747002_R04C01.gtc.txt
NWD590087,8391296138_R04C01.gtc.txt
NWD989485,7802997145_R08C01.gtc.txt
NWD989027,7778704013_R04C01.gtc.txt
NWD172466,7822710005_R02C01.gtc.txt
NWD848551,7778712052_R01C01.gtc.txt
NWD179457,7778721004_R04C01.gtc.txt
NWD172259,8490981103_R04C01.gtc.txt
NWD751101,8391288132_R07C01.gtc.txt
NWD802030,8391261036_R04C01.gtc.txt
NWD755556,8391261046_R07C01.gtc.txt
NWD132260,7778712074_R07C01.gtc.txt
NWD707797,7802989025_R05C01.gtc.txt
NWD806543,7802989096_R06C01.gtc.txt
NWD892181,7778691007_R03C01.gtc.txt
NWD606527,8391296158_R04C01.gtc.txt
NWD364738,7731172078_R07C01.gtc.txt
NWD494996,8391245124_R06C01.gtc.txt
NWD969087,7802997132_R08C01.gtc.txt
NWD661360,7778712141_R04C01.gtc.txt
NWD118800,8478359035_R02C01.gtc.txt
NWD205915,8391261118_R04C01.gtc.txt
NWD531394,8391245158_R08C01.gtc.txt
NWD374979,7802989086_R06C01.gtc.txt
NWD600401,8494893020_R02C01.gtc.txt
NWD565293,8478359039_R06C01.gtc.txt
NWD250353,7778691087_R08C01.gtc.txt
NWD927667,8391270137_R06C01.gtc.txt
NWD212871,7778721009_R07C01.gtc.txt
NWD796543,8490981102_R03C01.gtc.txt
NWD466592,8391270075_R02C01.gtc.txt
NWD991848,7775626001_R07C01.gtc.txt
NWD405147,8490981112_R02C01.gtc.txt
NWD739139,7778691078_R05C01.gtc.txt
NWD874737,8391296163_R04C01.gtc.txt
NWD846176,8478359142_R04C01.gtc.txt
NWD519318,8391245113_R01C01.gtc.txt
NWD189968,7778691121_R06C01.gtc.txt
NWD943636,8391309021_R08C01.gtc.txt
NWD973709,8391296023_R08C01.gtc.txt
NWD423412,7815181175_R08C01.gtc.txt
NWD690442,8478359006_R01C01.gtc.txt
NWD986601,8478359098_R04C01.gtc.txt
NWD292577,7731172115_R06C01.gtc.txt
NWD251506,7731172022_R08C01.gtc.txt
NWD892606,8391296116_R04C01.gtc.txt
NWD796712,7731172134_R04C01.gtc.txt
NWD512527,7802997179_R08C01.gtc.txt
NWD616566,8391296068_R01C01.gtc.txt
NWD195644,8478359011_R07C01.gtc.txt
NWD177508,8391296159_R04C01.gtc.txt
NWD478763,8391288081_R05C01.gtc.txt
NWD754253,8391288054_R07C01.gtc.txt
NWD566238,7757321164_R05C01.gtc.txt
NWD694554,7778712048_R01C01.gtc.txt
NWD162733,7778704056_R04C01.gtc.txt
NWD169857,7778712020_R07C01.gtc.txt
NWD214806,8391309014_R03C01.gtc.txt
NWD746853,8391296103_R05C01.gtc.txt
NWD357066,7778704001_R03C01.gtc.txt
NWD891718,7778712015_R03C01.gtc.txt
NWD720988,8391253152_R04C01.gtc.txt
NWD926156,8391261046_R05C01.gtc.txt
NWD417949,8391309004_R01C01.gtc.txt
NWD140224,8391309024_R02C01.gtc.txt
NWD798155,8495044031_R07C01.gtc.txt
NWD330457,8490981067_R08C01.gtc.txt
NWD875311,8478359161_R04C01.gtc.txt
NWD971037,8478359178_R01C01.gtc.txt
NWD577025,7822710006_R07C01.gtc.txt
NWD144516,7802997148_R08C01.gtc.txt
NWD398458,8391296068_R08C01.gtc.txt
NWD564154,7800254025_R08C01.gtc.txt
NWD616303,7802997049_R03C01.gtc.txt
NWD296765,7802989091_R05C01.gtc.txt
NWD752925,7823704003_R08C01.gtc.txt
NWD479101,7778704072_R02C01.gtc.txt
NWD965377,7778712074_R06C01.gtc.txt
NWD675983,8391245132_R06C01.gtc.txt
NWD962522,7778691025_R03C01.gtc.txt
NWD812840,8391270012_R04C01.gtc.txt
NWD626021,7731172155_R08C01.gtc.txt
NWD129334,8391309006_R08C01.gtc.txt
NWD294426,8490981062_R04C01.gtc.txt
NWD248184,8391309005_R05C01.gtc.txt
NWD779940,8391270168_R04C01.gtc.txt
NWD583837,8490981059_R05C01.gtc.txt
NWD404414,7802997121_R04C01.gtc.txt
NWD793885,7802989026_R04C01.gtc.txt
NWD883310,8391270131_R04C01.gtc.txt
NWD132168,8478359010_R08C01.gtc.txt
NWD278326,7815181175_R01C01.gtc.txt
NWD497135,8391261063_R03C01.gtc.txt
NWD456138,8490981030_R07C01.gtc.txt
NWD766086,8391270125_R07C01.gtc.txt
NWD537503,7802997083_R08C01.gtc.txt
NWD218593,7802997201_R08C01.gtc.txt
NWD583461,7778691111_R05C01.gtc.txt
NWD775389,7775626002_R07C01.gtc.txt
NWD191915,7731172135_R03C01.gtc.txt
NWD860141,8391296041_R07C01.gtc.txt
NWD972632,7778691022_R07C01.gtc.txt
NWD653012,7800254019_R04C01.gtc.txt
NWD705385,8391261161_R04C01.gtc.txt
NWD294006,8494893037_R07C01.gtc.txt
NWD632407,8478359102_R03C01.gtc.txt
NWD709061,7778712167_R01C01.gtc.txt
NWD997419,7778721071_R08C01.gtc.txt
NWD702519,8478359142_R01C01.gtc.txt
NWD836435,7778704157_R03C01.gtc.txt
NWD521197,8494893087_R05C01.gtc.txt
NWD419337,8490981026_R03C01.gtc.txt
NWD717207,7731172027_R03C01.gtc.txt
NWD307739,8391288007_R03C01.gtc.txt
NWD591995,8391253080_R03C01.gtc.txt
NWD731840,8391288099_R02C01.gtc.txt
NWD254611,7778691049_R04C01.gtc.txt
NWD365908,7800254033_R05C01.gtc.txt
NWD317133,8391296008_R06C01.gtc.txt
NWD327072,8391261164_R06C01.gtc.txt
NWD542615,8490981027_R01C01.gtc.txt
NWD764987,7778691021_R03C01.gtc.txt
NWD419818,8391296042_R01C01.gtc.txt
NWD258896,8391261046_R06C01.gtc.txt
NWD103142,8490981107_R03C01.gtc.txt
NWD586166,8478359084_R01C01.gtc.txt
NWD760857,8494893036_R06C01.gtc.txt
NWD824775,8478359113_R01C01.gtc.txt
NWD347752,7802997001_R03C01.gtc.txt
NWD656694,7822752001_R07C01.gtc.txt
NWD250538,7822728006_R08C01.gtc.txt
NWD179137,8391270158_R07C01.gtc.txt
NWD290295,7731172100_R08C01.gtc.txt
NWD890506,8391270104_R04C01.gtc.txt
NWD519064,8478359003_R03C01.gtc.txt
NWD769406,8391270041_R07C01.gtc.txt
NWD504797,8478359144_R01C01.gtc.txt
NWD124173,7823704001_R02C01.gtc.txt
NWD495076,7778691135_R05C01.gtc.txt
NWD303487,7778691050_R04C01.gtc.txt
NWD795714,8478359183_R03C01.gtc.txt
NWD344006,8391296129_R05C01.gtc.txt
NWD589785,8478359035_R05C01.gtc.txt
NWD541127,8391296097_R05C01.gtc.txt
NWD138312,7800254119_R04C01.gtc.txt
NWD405509,8478359030_R06C01.gtc.txt
NWD246204,8490981082_R07C01.gtc.txt
NWD540135,7778691023_R08C01.gtc.txt
NWD108381,8391296045_R03C01.gtc.txt
NWD582190,8478359059_R08C01.gtc.txt
NWD886392,7822752003_R01C01.gtc.txt
NWD415301,8391288151_R07C01.gtc.txt
NWD998017,8490981051_R02C01.gtc.txt
NWD383291,7731172135_R06C01.gtc.txt
NWD408076,8391261022_R05C01.gtc.txt
NWD738080,8391288111_R05C01.gtc.txt
NWD222947,8391261150_R07C01.gtc.txt
NWD631301,7822752004_R07C01.gtc.txt
NWD802707,7778704082_R08C01.gtc.txt
NWD120690,8391261106_R01C01.gtc.txt
NWD257173,8478359101_R02C01.gtc.txt
NWD912851,8391253140_R01C01.gtc.txt
NWD654900,7778721005_R07C01.gtc.txt
NWD104724,7802989016_R01C01.gtc.txt
NWD914306,7731172083_R06C01.gtc.txt
NWD767386,8478359167_R03C01.gtc.txt
NWD876647,8490981099_R07C01.gtc.txt
NWD245603,8494893042_R01C01.gtc.txt
NWD361063,8494893063_R05C01.gtc.txt
NWD192640,7778691081_R05C01.gtc.txt
NWD968009,7757321164_R08C01.gtc.txt
NWD409287,7778691055_R01C01.gtc.txt
NWD584192,8391270062_R08C01.gtc.txt
NWD388958,8391288053_R06C01.gtc.txt
NWD901447,8391296016_R03C01.gtc.txt
NWD558346,8490981118_R03C01.gtc.txt
NWD347884,8478359121_R08C01.gtc.txt
NWD514742,8391270021_R03C01.gtc.txt
NWD267184,8478359202_R04C01.gtc.txt
NWD546802,8391270137_R05C01.gtc.txt
NWD916562,8478359005_R08C01.gtc.txt
NWD892099,7778691138_R01C01.gtc.txt
NWD937205,8391270150_R07C01.gtc.txt
NWD817596,8490981009_R02C01.gtc.txt
NWD225666,8391270095_R03C01.gtc.txt
NWD932954,8391296085_R07C01.gtc.txt
NWD774590,8490981125_R07C01.gtc.txt
NWD203714,7778691095_R04C01.gtc.txt
NWD113441,8478359071_R04C01.gtc.txt
NWD888855,7731172024_R07C01.gtc.txt
NWD867373,7778704041_R08C01.gtc.txt
NWD939453,7778712074_R04C01.gtc.txt
NWD897091,7731172082_R02C01.gtc.txt
NWD694215,8478359102_R08C01.gtc.txt
NWD661866,8391288082_R01C01.gtc.txt
NWD366246,7731172125_R04C01.gtc.txt
NWD223102,7822752004_R08C01.gtc.txt
NWD385005,7778691071_R07C01.gtc.txt
NWD905971,7778704077_R04C01.gtc.txt
NWD740508,8391296005_R02C01.gtc.txt
NWD622060,7802997115_R06C01.gtc.txt
NWD595487,8391296068_R02C01.gtc.txt
NWD737059,7778704036_R06C01.gtc.txt
NWD338198,7800254107_R05C01.gtc.txt
NWD308278,8478359035_R03C01.gtc.txt
NWD195609,7823704001_R04C01.gtc.txt
NWD904921,7778721021_R08C01.gtc.txt
NWD584724,8391296022_R06C01.gtc.txt
NWD556784,8478359027_R07C01.gtc.txt
NWD828863,8495087170_R02C01.gtc.txt
NWD973900,8391309023_R05C01.gtc.txt
NWD866022,8495044064_R03C01.gtc.txt
NWD174138,7800254107_R02C01.gtc.txt
NWD817537,7802989082_R02C01.gtc.txt
NWD106453,8391296063_R05C01.gtc.txt
NWD161082,7802989026_R03C01.gtc.txt
NWD697700,8391296164_R02C01.gtc.txt
NWD467408,7778691001_R03C01.gtc.txt
NWD556766,7731172074_R08C01.gtc.txt
NWD919252,7802989094_R03C01.gtc.txt
NWD742496,7778721009_R08C01.gtc.txt
NWD963928,8391270016_R06C01.gtc.txt
NWD232357,8391296144_R07C01.gtc.txt
NWD827720,8478359062_R02C01.gtc.txt
NWD127795,7731172191_R02C01.gtc.txt
NWD722269,7802989037_R04C01.gtc.txt
NWD168171,8391261096_R06C01.gtc.txt
NWD423134,8490981096_R06C01.gtc.txt
NWD368840,8391296129_R01C01.gtc.txt
NWD303416,8391296058_R04C01.gtc.txt
NWD344656,7802989091_R03C01.gtc.txt
NWD816723,7778704093_R03C01.gtc.txt
NWD909513,8478359058_R02C01.gtc.txt
NWD546317,7778691041_R05C01.gtc.txt
NWD593658,8391288163_R04C01.gtc.txt
NWD825313,7731172010_R05C01.gtc.txt
NWD918730,7800254025_R01C01.gtc.txt
NWD691958,8391270094_R06C01.gtc.txt
NWD850953,7778691034_R01C01.gtc.txt
NWD903455,8490981045_R07C01.gtc.txt
NWD939142,7778691028_R04C01.gtc.txt
NWD411070,7731172146_R04C01.gtc.txt
NWD737807,7802989034_R02C01.gtc.txt
NWD415218,8478359109_R02C01.gtc.txt
NWD774504,8478359108_R05C01.gtc.txt
NWD437285,7778704019_R06C01.gtc.txt
NWD683476,8391288046_R03C01.gtc.txt
NWD635893,7802997179_R01C01.gtc.txt
NWD248118,7778704088_R03C01.gtc.txt
NWD875246,7778721005_R03C01.gtc.txt
NWD442109,8391288148_R08C01.gtc.txt
NWD283915,8490981062_R03C01.gtc.txt
NWD420646,7731172126_R08C01.gtc.txt
NWD623961,7775626009_R01C01.gtc.txt
NWD611951,8478359149_R05C01.gtc.txt
NWD329979,7778691144_R04C01.gtc.txt
NWD375312,8494893023_R01C01.gtc.txt
NWD454907,7778721021_R04C01.gtc.txt
NWD869048,7775626007_R04C01.gtc.txt
NWD260565,8478359117_R05C01.gtc.txt
NWD822229,7802997190_R07C01.gtc.txt
NWD109454,7800254021_R04C01.gtc.txt
NWD557301,8391270050_R07C01.gtc.txt
NWD965882,7778691121_R05C01.gtc.txt
NWD746399,8391261063_R07C01.gtc.txt
NWD698363,7778691077_R05C01.gtc.txt
NWD814652,7815181002_R05C01.gtc.txt
NWD542451,8391288007_R04C01.gtc.txt
NWD602057,7778691121_R03C01.gtc.txt
NWD666985,8494893147_R04C01.gtc.txt
NWD830239,7822752001_R05C01.gtc.txt
NWD198383,8391261019_R07C01.gtc.txt
NWD260150,7731172001_R03C01.gtc.txt
NWD941466,8391288077_R04C01.gtc.txt
NWD396721,8391296060_R05C01.gtc.txt
NWD175226,8490981114_R04C01.gtc.txt
NWD802609,7778691095_R08C01.gtc.txt
NWD722101,8478359009_R04C01.gtc.txt
NWD915395,8478359002_R03C01.gtc.txt
NWD254240,7778704077_R02C01.gtc.txt
NWD299964,8490981002_R07C01.gtc.txt
NWD118840,7802997121_R05C01.gtc.txt
NWD428956,8478359070_R02C01.gtc.txt
NWD599149,7802989092_R03C01.gtc.txt
NWD658313,8391261078_R04C01.gtc.txt
NWD936788,8391296006_R04C01.gtc.txt
NWD790330,7800254130_R01C01.gtc.txt
NWD259753,8391309002_R08C01.gtc.txt
NWD339951,7802997178_R05C01.gtc.txt
NWD498199,8391288077_R02C01.gtc.txt
NWD627594,7802997117_R07C01.gtc.txt
NWD339737,8391288099_R03C01.gtc.txt
NWD608601,7800254012_R02C01.gtc.txt
NWD397944,7778691003_R02C01.gtc.txt
NWD574936,8391261150_R02C01.gtc.txt
NWD511171,8391270030_R08C01.gtc.txt
NWD684043,7802997051_R02C01.gtc.txt
NWD670772,8490981128_R07C01.gtc.txt
NWD257829,8391270104_R05C01.gtc.txt
NWD241476,8478359002_R01C01.gtc.txt
NWD548934,8478359068_R05C01.gtc.txt
NWD564759,8478359169_R03C01.gtc.txt
NWD154075,8391296095_R03C01.gtc.txt
NWD110364,7731172106_R05C01.gtc.txt
NWD747840,7778712074_R02C01.gtc.txt
NWD576363,8391288139_R04C01.gtc.txt
NWD221131,8391296048_R01C01.gtc.txt
NWD625972,8490981014_R07C01.gtc.txt
NWD605421,7802989094_R02C01.gtc.txt
NWD530345,8478359022_R01C01.gtc.txt
NWD710454,8391288045_R05C01.gtc.txt
NWD898731,8391309013_R07C01.gtc.txt
NWD228718,8494893080_R08C01.gtc.txt
NWD473856,8391309006_R01C01.gtc.txt
NWD885096,8391270041_R05C01.gtc.txt
NWD619992,8478359042_R03C01.gtc.txt
NWD282216,8391296146_R03C01.gtc.txt
NWD179440,8490981104_R04C01.gtc.txt
NWD521265,8391270096_R07C01.gtc.txt
NWD520673,8478359040_R08C01.gtc.txt
NWD135806,7778704157_R01C01.gtc.txt
NWD110781,8391270041_R01C01.gtc.txt
NWD296386,8478359010_R03C01.gtc.txt
NWD167995,8391296079_R06C01.gtc.txt
NWD681731,8391270030_R07C01.gtc.txt
NWD703262,7802989023_R04C01.gtc.txt
NWD783415,7778691039_R07C01.gtc.txt
NWD238498,7802997115_R08C01.gtc.txt
NWD368317,7802989072_R07C01.gtc.txt
NWD743166,8494893036_R07C01.gtc.txt
NWD867432,8391270145_R04C01.gtc.txt
NWD148658,8478359191_R07C01.gtc.txt
NWD473509,7778721139_R02C01.gtc.txt
NWD861846,7800254098_R01C01.gtc.txt
NWD411084,7778721139_R04C01.gtc.txt
NWD677453,8478359210_R03C01.gtc.txt
NWD702845,7778691046_R01C01.gtc.txt
NWD151995,7731172156_R07C01.gtc.txt
NWD830673,7731172074_R01C01.gtc.txt
NWD457812,7815181100_R05C01.gtc.txt
NWD582993,8391296077_R01C01.gtc.txt
NWD837589,7778721119_R07C01.gtc.txt
NWD216337,7802989023_R02C01.gtc.txt
NWD132768,7778691050_R05C01.gtc.txt
NWD174165,7778704088_R08C01.gtc.txt
NWD409320,8490981087_R08C01.gtc.txt
NWD648102,8391270127_R02C01.gtc.txt
NWD292505,7802989086_R04C01.gtc.txt
NWD287794,7778704001_R05C01.gtc.txt
NWD950884,7822728001_R04C01.gtc.txt
NWD358821,8391296003_R07C01.gtc.txt
NWD773527,8478359005_R07C01.gtc.txt
NWD217698,8391309040_R04C01.gtc.txt
NWD572578,8490981131_R04C01.gtc.txt
NWD656947,8391309009_R03C01.gtc.txt
NWD878691,8490981007_R07C01.gtc.txt
NWD339884,8478359037_R02C01.gtc.txt
NWD926124,8391270121_R06C01.gtc.txt
NWD694190,8490981126_R07C01.gtc.txt
NWD482373,7802989085_R06C01.gtc.txt
NWD155120,7778691035_R08C01.gtc.txt
NWD823346,7778691075_R08C01.gtc.txt
NWD905104,7731172064_R03C01.gtc.txt
NWD584052,7778704157_R04C01.gtc.txt
NWD354654,8391261003_R05C01.gtc.txt
NWD575892,7778691111_R03C01.gtc.txt
NWD815291,7778721009_R01C01.gtc.txt
NWD564835,7800254021_R03C01.gtc.txt
NWD724805,7778704041_R02C01.gtc.txt
NWD100234,8391245113_R03C01.gtc.txt
NWD150560,8391296069_R02C01.gtc.txt
NWD511757,8478359139_R01C01.gtc.txt
NWD900726,7778691055_R08C01.gtc.txt
NWD348472,8391296075_R07C01.gtc.txt
NWD373136,7802997121_R08C01.gtc.txt
NWD492701,7802989037_R07C01.gtc.txt
NWD363235,8391296129_R06C01.gtc.txt
NWD898755,7778712010_R05C01.gtc.txt
NWD684401,8490981047_R04C01.gtc.txt
NWD203686,8391261095_R08C01.gtc.txt
NWD788170,7778712010_R04C01.gtc.txt
NWD505087,7778691167_R07C01.gtc.txt
NWD821971,7778704147_R03C01.gtc.txt
NWD790937,8391270163_R05C01.gtc.txt
NWD833000,8391270096_R08C01.gtc.txt
NWD632084,7822752001_R04C01.gtc.txt
NWD473501,7815181175_R06C01.gtc.txt
NWD480227,7802997145_R07C01.gtc.txt
NWD449409,7802997177_R08C01.gtc.txt
NWD706752,7731172145_R08C01.gtc.txt
NWD137972,8391270049_R03C01.gtc.txt
NWD438733,7731172024_R02C01.gtc.txt
NWD103364,7778712021_R07C01.gtc.txt
NWD437184,8478359169_R06C01.gtc.txt
NWD201731,7802989094_R07C01.gtc.txt
NWD776448,7778691021_R07C01.gtc.txt
NWD275698,7778691044_R06C01.gtc.txt
NWD606977,8490981080_R04C01.gtc.txt
NWD134051,8494893018_R04C01.gtc.txt
NWD657875,7778704072_R08C01.gtc.txt
NWD621447,7778691029_R05C01.gtc.txt
NWD340388,8478359027_R01C01.gtc.txt
NWD376006,7778704008_R01C01.gtc.txt
NWD599561,8478359067_R06C01.gtc.txt
NWD323646,8478359055_R06C01.gtc.txt
NWD359497,7778704092_R08C01.gtc.txt
NWD695327,8391261078_R01C01.gtc.txt
NWD711827,7778691027_R08C01.gtc.txt
NWD611347,8478359004_R02C01.gtc.txt
NWD153294,8391288035_R05C01.gtc.txt
NWD533993,8490981102_R02C01.gtc.txt
NWD698084,8391288040_R05C01.gtc.txt
NWD904591,8478359013_R08C01.gtc.txt
NWD533997,8391245118_R01C01.gtc.txt
NWD325737,8494893162_R03C01.gtc.txt
NWD420248,8478359108_R01C01.gtc.txt
NWD206874,8490981069_R07C01.gtc.txt
NWD726557,7778704001_R01C01.gtc.txt
NWD448055,7778691028_R05C01.gtc.txt
NWD506037,8391253009_R08C01.gtc.txt
NWD135619,7731172078_R05C01.gtc.txt
NWD459674,8490981101_R05C01.gtc.txt
NWD143708,7731172024_R08C01.gtc.txt
NWD500491,8478359131_R04C01.gtc.txt
NWD176074,8490981009_R04C01.gtc.txt
NWD374097,8391288016_R05C01.gtc.txt
NWD259839,7778691064_R07C01.gtc.txt
NWD927596,8391253139_R07C01.gtc.txt
NWD305244,8478359042_R05C01.gtc.txt
NWD148146,8391296016_R06C01.gtc.txt
NWD235479,7731172106_R07C01.gtc.txt
NWD974787,8490981067_R04C01.gtc.txt
NWD904046,8490981131_R02C01.gtc.txt
NWD793378,8494893031_R01C01.gtc.txt
NWD163611,8391296075_R08C01.gtc.txt
NWD118479,7802997190_R01C01.gtc.txt
NWD266767,7778691021_R05C01.gtc.txt
NWD484799,8391296099_R06C01.gtc.txt
NWD445555,8391261135_R07C01.gtc.txt
NWD992191,8391245124_R07C01.gtc.txt
NWD194265,8391288156_R02C01.gtc.txt
NWD291641,7778691034_R06C01.gtc.txt
NWD602797,7802997044_R01C01.gtc.txt
NWD704724,7802997110_R06C01.gtc.txt
NWD529450,7800254082_R04C01.gtc.txt
NWD864538,8391270081_R05C01.gtc.txt
NWD827621,8391309012_R02C01.gtc.txt
NWD661868,7731172064_R05C01.gtc.txt
NWD176388,7778712034_R06C01.gtc.txt
NWD467308,8391296139_R04C01.gtc.txt
NWD337857,7731172078_R08C01.gtc.txt
NWD643425,8391270121_R02C01.gtc.txt
NWD554167,8478359109_R06C01.gtc.txt
NWD575388,8391309017_R05C01.gtc.txt
NWD925087,7822728005_R08C01.gtc.txt
NWD640654,8391253094_R04C01.gtc.txt
NWD495151,8478359040_R06C01.gtc.txt
NWD599037,8478359112_R01C01.gtc.txt
NWD182983,7802997179_R02C01.gtc.txt
NWD820119,7778704056_R07C01.gtc.txt
NWD998944,8490981085_R05C01.gtc.txt
NWD267178,8391261036_R05C01.gtc.txt
NWD733606,7815181001_R01C01.gtc.txt
NWD630278,8490981119_R04C01.gtc.txt
NWD457392,8391309003_R06C01.gtc.txt
NWD673836,8391296161_R07C01.gtc.txt
NWD619893,7800254098_R04C01.gtc.txt
NWD851220,8478359200_R08C01.gtc.txt
NWD388333,8391270056_R01C01.gtc.txt
NWD720811,8391296120_R02C01.gtc.txt
NWD251622,7731172206_R03C01.gtc.txt
NWD697296,7778704080_R02C01.gtc.txt
NWD585069,7778704028_R03C01.gtc.txt
NWD884596,8494893041_R01C01.gtc.txt
NWD212348,7778704081_R03C01.gtc.txt
NWD578306,7778691029_R04C01.gtc.txt
NWD651883,7778704013_R01C01.gtc.txt
NWD465828,8391245118_R03C01.gtc.txt
NWD407475,8391288112_R02C01.gtc.txt
NWD649385,7778704029_R01C01.gtc.txt
NWD808410,7731172092_R07C01.gtc.txt
NWD480677,7731172031_R01C01.gtc.txt
NWD258676,8391296069_R08C01.gtc.txt
NWD251121,8490981057_R08C01.gtc.txt
NWD103259,8478359160_R04C01.gtc.txt
NWD285799,8391270003_R04C01.gtc.txt
NWD971428,8391288099_R01C01.gtc.txt
NWD437189,8391296166_R03C01.gtc.txt
NWD118398,8391245074_R02C01.gtc.txt
NWD759185,8391296135_R08C01.gtc.txt
NWD634937,8478359006_R04C01.gtc.txt
NWD927857,8478359056_R05C01.gtc.txt
NWD124710,7778691048_R01C01.gtc.txt
NWD318080,8391270168_R03C01.gtc.txt
NWD182949,8391288019_R04C01.gtc.txt
NWD880333,8391296166_R08C01.gtc.txt
NWD325704,7778691041_R02C01.gtc.txt
NWD315240,8391309040_R05C01.gtc.txt
NWD539972,8391245067_R03C01.gtc.txt
NWD348261,8391288166_R04C01.gtc.txt
NWD413009,8391288156_R04C01.gtc.txt
NWD685526,8391270163_R02C01.gtc.txt
NWD438090,7778691044_R08C01.gtc.txt
NWD743596,7778704035_R01C01.gtc.txt
NWD180327,8490981111_R03C01.gtc.txt
NWD759025,7822736003_R06C01.gtc.txt
NWD476622,8391296025_R03C01.gtc.txt
NWD396732,8391253075_R07C01.gtc.txt
NWD782252,8391261047_R04C01.gtc.txt
NWD921478,7802989090_R08C01.gtc.txt
NWD817725,7778704034_R07C01.gtc.txt
NWD158426,7778691035_R07C01.gtc.txt
NWD499572,8391296057_R07C01.gtc.txt
NWD314687,8391296153_R06C01.gtc.txt
NWD138232,8391296025_R07C01.gtc.txt
NWD724442,8391288146_R07C01.gtc.txt
NWD865658,8490981128_R08C01.gtc.txt
NWD727965,8490981106_R03C01.gtc.txt
NWD389753,7778691125_R06C01.gtc.txt
NWD384783,8391270011_R08C01.gtc.txt
NWD285022,8391270030_R01C01.gtc.txt
NWD723326,7822736005_R03C01.gtc.txt
NWD622675,7822710005_R08C01.gtc.txt
NWD809827,8391270168_R06C01.gtc.txt
NWD269833,7778712004_R08C01.gtc.txt
NWD184907,7731172092_R02C01.gtc.txt
NWD806797,8391296045_R01C01.gtc.txt
NWD108798,7800254053_R07C01.gtc.txt
NWD245270,8391270054_R03C01.gtc.txt
NWD821034,7802997083_R01C01.gtc.txt
NWD785968,8391296016_R02C01.gtc.txt
NWD664132,7802997155_R05C01.gtc.txt
NWD500990,7731172091_R06C01.gtc.txt
NWD896277,7800254102_R05C01.gtc.txt
NWD144716,7778704160_R03C01.gtc.txt
NWD171090,8391245118_R07C01.gtc.txt
NWD166798,7731172095_R05C01.gtc.txt
NWD427328,7778704013_R07C01.gtc.txt
NWD795202,8391296040_R08C01.gtc.txt
NWD571985,7778721167_R05C01.gtc.txt
NWD162512,7778704162_R04C01.gtc.txt
NWD765236,8478359182_R01C01.gtc.txt
NWD395643,8391261118_R02C01.gtc.txt
NWD749816,7775626012_R02C01.gtc.txt
NWD708465,8391288066_R02C01.gtc.txt
NWD416363,8478359133_R02C01.gtc.txt
NWD899430,8391288077_R08C01.gtc.txt
NWD603447,8391261047_R01C01.gtc.txt
NWD136294,8391296159_R07C01.gtc.txt
NWD382937,8478359069_R04C01.gtc.txt
NWD520507,8490981058_R08C01.gtc.txt
NWD683120,8391270038_R02C01.gtc.txt
NWD176422,7802997178_R08C01.gtc.txt
NWD452515,8490981106_R08C01.gtc.txt
NWD838283,8391296134_R04C01.gtc.txt
NWD901903,8391261135_R08C01.gtc.txt
NWD237981,8478359055_R02C01.gtc.txt
NWD124946,8391270038_R04C01.gtc.txt
NWD441819,8478359094_R07C01.gtc.txt
NWD427030,8391288164_R04C01.gtc.txt
NWD495401,7731172128_R07C01.gtc.txt
NWD679262,7778691085_R07C01.gtc.txt
NWD791984,8391270083_R06C01.gtc.txt
NWD738088,7802997083_R05C01.gtc.txt
NWD183310,8391296125_R06C01.gtc.txt
NWD411053,7778704092_R06C01.gtc.txt
NWD874226,7778691046_R05C01.gtc.txt
NWD199425,7822728002_R06C01.gtc.txt
NWD966072,8391245099_R03C01.gtc.txt
NWD427239,8391270125_R04C01.gtc.txt
NWD145801,8391261149_R02C01.gtc.txt
NWD722413,8490981003_R06C01.gtc.txt
NWD833731,8478359007_R03C01.gtc.txt
NWD923076,8490981053_R03C01.gtc.txt
NWD999589,8478359004_R05C01.gtc.txt
NWD257035,7778691001_R07C01.gtc.txt
NWD883963,8391296147_R04C01.gtc.txt
NWD709472,8478359065_R05C01.gtc.txt
NWD982670,8494893020_R03C01.gtc.txt
NWD437657,7731172012_R03C01.gtc.txt
NWD252059,7802997143_R02C01.gtc.txt
NWD815676,8391288056_R06C01.gtc.txt
NWD515564,7802997122_R07C01.gtc.txt
NWD316702,8495044094_R06C01.gtc.txt
NWD707016,8391296139_R07C01.gtc.txt
NWD295229,8391270121_R04C01.gtc.txt
NWD336914,8391296168_R01C01.gtc.txt
NWD375410,9270003087_R08C01.gtc.txt.gz
NWD930308,9270003095_R03C01.gtc.txt.gz
NWD779260,9347475021_R06C01.gtc.txt.gz
NWD754569,9239941115_R07C01.gtc.txt.gz
NWD452852,9239941043_R03C01.gtc.txt.gz
NWD333946,9299812168_R02C01.gtc.txt.gz
NWD661065,9347431036_R04C01.gtc.txt.gz
NWD487763,9270003137_R05C01.gtc.txt.gz
NWD882962,9299812019_R04C01.gtc.txt.gz
NWD427664,9347431082_R07C01.gtc.txt.gz
NWD933113,9270003097_R01C01.gtc.txt.gz
NWD269403,9347431076_R03C01.gtc.txt.gz
NWD297203,9270003083_R06C01.gtc.txt.gz
NWD593248,9299811108_R02C01.gtc.txt.gz
NWD354264,9299812130_R06C01.gtc.txt.gz
NWD870227,9270003094_R01C01.gtc.txt.gz
NWD657106,9347475015_R05C01.gtc.txt.gz
NWD297478,9299812128_R07C01.gtc.txt.gz
NWD700742,9299812091_R08C01.gtc.txt.gz
NWD518526,9347475075_R06C01.gtc.txt.gz
NWD786922,9347475032_R08C01.gtc.txt.gz
NWD924884,9347431085_R06C01.gtc.txt.gz
NWD389665,9270003133_R01C01.gtc.txt.gz
NWD312007,9270003083_R05C01.gtc.txt.gz
NWD471394,9270003089_R08C01.gtc.txt.gz
NWD262052,9299812129_R02C01.gtc.txt.gz
NWD457210,9347475101_R08C01.gtc.txt.gz
NWD362925,9270003089_R06C01.gtc.txt.gz
NWD870658,9347475062_R02C01.gtc.txt.gz
NWD538666,9258111068_R05C01.gtc.txt.gz
NWD465042,9347431164_R08C01.gtc.txt.gz
NWD635137,9299812128_R05C01.gtc.txt.gz
NWD576595,9299812129_R03C01.gtc.txt.gz
NWD820831,9270003089_R03C01.gtc.txt.gz
NWD506832,9347431145_R06C01.gtc.txt.gz
NWD919075,9298741076_R04C01.gtc.txt.gz
NWD510175,9347431166_R03C01.gtc.txt.gz
NWD822881,9347475101_R05C01.gtc.txt.gz
NWD158297,9347431039_R02C01.gtc.txt.gz
NWD215810,9347475081_R03C01.gtc.txt.gz
NWD994792,9270003155_R05C01.gtc.txt.gz
NWD176298,9347431076_R04C01.gtc.txt.gz
NWD987527,9347475083_R05C01.gtc.txt.gz
NWD625422,9347431108_R01C01.gtc.txt.gz
NWD505075,9347475037_R02C01.gtc.txt.gz
NWD682179,9347431030_R05C01.gtc.txt.gz
NWD340797,9270003162_R02C01.gtc.txt.gz
NWD605757,9347431095_R08C01.gtc.txt.gz
NWD469544,9347431101_R06C01.gtc.txt.gz
NWD254696,9270003094_R08C01.gtc.txt.gz
NWD281728,9299812039_R02C01.gtc.txt.gz
NWD988023,9298741075_R07C01.gtc.txt.gz
NWD906189,9299811126_R06C01.gtc.txt.gz
NWD249711,9347431149_R06C01.gtc.txt.gz
NWD632980,9258111160_R04C01.gtc.txt.gz
NWD555479,9270003141_R07C01.gtc.txt.gz
NWD141840,9347475020_R08C01.gtc.txt.gz
NWD648361,9270003152_R07C01.gtc.txt.gz
NWD615470,9299812077_R06C01.gtc.txt.gz
NWD770274,9347475029_R04C01.gtc.txt.gz
NWD250654,9347475035_R02C01.gtc.txt.gz
NWD418885,9347475010_R06C01.gtc.txt.gz
NWD823420,9347431166_R07C01.gtc.txt.gz
NWD873892,9270003079_R04C01.gtc.txt.gz
NWD654095,9347475083_R03C01.gtc.txt.gz
NWD501414,9270003079_R05C01.gtc.txt.gz
NWD968761,9347475045_R02C01.gtc.txt.gz
NWD425750,9347431106_R07C01.gtc.txt.gz
NWD458438,9299812024_R03C01.gtc.txt.gz
NWD881023,9347475085_R02C01.gtc.txt.gz
NWD963986,9347431091_R02C01.gtc.txt.gz
NWD669226,9258111222_R07C01.gtc.txt.gz
NWD899921,9299812128_R06C01.gtc.txt.gz
NWD258380,9299812039_R01C01.gtc.txt.gz
NWD160095,9270003156_R08C01.gtc.txt.gz
NWD132066,9347475024_R01C01.gtc.txt.gz
NWD277258,9270003156_R02C01.gtc.txt.gz
NWD399844,9270003162_R08C01.gtc.txt.gz
NWD226297,9270003155_R06C01.gtc.txt.gz
NWD187252,9347475076_R08C01.gtc.txt.gz
NWD452997,9270003137_R04C01.gtc.txt.gz
NWD654143,9270003095_R01C01.gtc.txt.gz
NWD392658,9347431154_R06C01.gtc.txt.gz
NWD375948,9347475029_R05C01.gtc.txt.gz
NWD333044,9270003117_R06C01.gtc.txt.gz
NWD117558,9347431101_R05C01.gtc.txt.gz
NWD785476,9347431162_R08C01.gtc.txt.gz
NWD680335,9347431115_R04C01.gtc.txt.gz
NWD478130,9347431162_R06C01.gtc.txt.gz
NWD567296,9347475089_R03C01.gtc.txt.gz
NWD900236,9347431156_R02C01.gtc.txt.gz
NWD797919,9347475047_R05C01.gtc.txt.gz
NWD778489,9347475015_R03C01.gtc.txt.gz
NWD244458,9299812128_R04C01.gtc.txt.gz
NWD156624,9270003117_R05C01.gtc.txt.gz
NWD232317,9347431036_R08C01.gtc.txt.gz
NWD576746,9299812078_R01C01.gtc.txt.gz
NWD433162,9347431120_R05C01.gtc.txt.gz
NWD143146,9299812078_R03C01.gtc.txt.gz
NWD184844,9347431145_R03C01.gtc.txt.gz
NWD130592,9347431150_R02C01.gtc.txt.gz
NWD790792,9347431065_R06C01.gtc.txt.gz
NWD211858,9347475056_R05C01.gtc.txt.gz
NWD859045,9347431039_R06C01.gtc.txt.gz
NWD865760,9270003117_R03C01.gtc.txt.gz
NWD269492,9270003160_R03C01.gtc.txt.gz
NWD232750,9347431166_R08C01.gtc.txt.gz
NWD979274,9347431152_R06C01.gtc.txt.gz
NWD159667,9347431166_R02C01.gtc.txt.gz
NWD793918,9299811108_R07C01.gtc.txt.gz
NWD616813,9347431060_R03C01.gtc.txt.gz
NWD266772,9298741075_R01C01.gtc.txt.gz
NWD607481,9347431090_R07C01.gtc.txt.gz
NWD974835,9299811126_R03C01.gtc.txt.gz
NWD209265,9270003155_R02C01.gtc.txt.gz
NWD600151,9347431159_R04C01.gtc.txt.gz
NWD484947,9299812112_R08C01.gtc.txt.gz
NWD846048,9347475008_R05C01.gtc.txt.gz
NWD349592,9299812105_R06C01.gtc.txt.gz
NWD830271,9347475052_R01C01.gtc.txt.gz
NWD159860,9347475011_R02C01.gtc.txt.gz
NWD106483,9258111068_R01C01.gtc.txt.gz
NWD359326,9270003156_R04C01.gtc.txt.gz
NWD813812,9347475113_R06C01.gtc.txt.gz
NWD600350,9347431167_R01C01.gtc.txt.gz
NWD997199,9347475021_R02C01.gtc.txt.gz
NWD543694,9347475069_R06C01.gtc.txt.gz
NWD133239,9299812122_R05C01.gtc.txt.gz
NWD774001,9347431091_R06C01.gtc.txt.gz
NWD608943,9299812077_R02C01.gtc.txt.gz
NWD605196,9347475015_R07C01.gtc.txt.gz
NWD487680,9347431165_R02C01.gtc.txt.gz
NWD912019,9347475056_R06C01.gtc.txt.gz
NWD997886,9347431123_R08C01.gtc.txt.gz
NWD736316,9347431150_R07C01.gtc.txt.gz
NWD255904,9270003152_R01C01.gtc.txt.gz
NWD398869,9258111068_R02C01.gtc.txt.gz
NWD695976,9270003162_R07C01.gtc.txt.gz
NWD384161,9299812102_R07C01.gtc.txt.gz
NWD633108,9239941043_R01C01.gtc.txt.gz
NWD109923,9270003086_R02C01.gtc.txt.gz
NWD852688,9239943060_R08C01.gtc.txt.gz
NWD910286,9347431088_R04C01.gtc.txt.gz
NWD836485,9270003142_R08C01.gtc.txt.gz
NWD488590,9299811126_R05C01.gtc.txt.gz
NWD780843,9347431030_R02C01.gtc.txt.gz
NWD981309,9299812024_R05C01.gtc.txt.gz
NWD827943,9299811134_R01C01.gtc.txt.gz
NWD966054,9299812129_R06C01.gtc.txt.gz
NWD885312,9299812168_R01C01.gtc.txt.gz
NWD324299,9299812145_R05C01.gtc.txt.gz
NWD707704,9299812145_R04C01.gtc.txt.gz
NWD138233,9347431160_R08C01.gtc.txt.gz
NWD111897,9299812152_R05C01.gtc.txt.gz
NWD590545,9347475009_R02C01.gtc.txt.gz
NWD973334,9270003099_R06C01.gtc.txt.gz
NWD530055,9270003133_R08C01.gtc.txt.gz
NWD313187,9347431115_R08C01.gtc.txt.gz
NWD160894,9347475081_R06C01.gtc.txt.gz
NWD251660,9347431156_R04C01.gtc.txt.gz
NWD148466,9299811145_R04C01.gtc.txt.gz
NWD668394,9347475009_R01C01.gtc.txt.gz
NWD155479,9299811125_R03C01.gtc.txt.gz
NWD855330,9347431039_R07C01.gtc.txt.gz
NWD253987,9347475045_R03C01.gtc.txt.gz
NWD910987,9270003168_R02C01.gtc.txt.gz
NWD236164,9347431039_R08C01.gtc.txt.gz
NWD883916,9299811149_R07C01.gtc.txt.gz
NWD768052,9347475021_R08C01.gtc.txt.gz
NWD726039,9298741102_R01C01.gtc.txt.gz
NWD808255,9347475050_R03C01.gtc.txt.gz
NWD374356,9299812105_R07C01.gtc.txt.gz
NWD741291,9347475060_R03C01.gtc.txt.gz
NWD497347,9347475056_R08C01.gtc.txt.gz
NWD770915,9347431149_R07C01.gtc.txt.gz
NWD604741,9239943060_R04C01.gtc.txt.gz
NWD214314,9347431163_R05C01.gtc.txt.gz
