"sampleID","chr","start","end","event.length","deviation.baf","deviation.lrr","posterior.max","event.type","nwid"
"7731172031","20",63244,24393190,24329946,0.0254,0.0299,0.8617,"Undetermined Mosaic","NWD480677"
"7731172031","19",44142771,59097160,14954389,0.0281,-0.0622,0.8749,"Mosaic Loss","NWD480677"
"7731172064","9",46587,33739343,33692756,0.0292,-0.0017,1,"Undetermined Mosaic","NWD661868"
"7731172064","9",46587,33739343,33692756,0.0292,-0.0017,1,"Undetermined Mosaic","NWD905104"
"7731172078","22",33383419,51211392,17827973,0.0221,0.0116,0.9959,"Undetermined Mosaic","NWD337857"
"7731172078","22",33383419,51211392,17827973,0.0221,0.0116,0.9959,"Undetermined Mosaic","NWD135619"
"7731172078","22",33383419,51211392,17827973,0.0221,0.0116,0.9959,"Undetermined Mosaic","NWD364738"
"7731172078","X",169805,155234707,155064902,0.0255,0.1283,0.9996,"Mosaic Gain","NWD337857"
"7731172078","X",169805,155234707,155064902,0.0255,0.1283,0.9996,"Mosaic Gain","NWD135619"
"7731172078","X",169805,155234707,155064902,0.0255,0.1283,0.9996,"Mosaic Gain","NWD364738"
"7731172094","13",46728583,64259484,17530901,0.0283,0.0185,0.9999,"Undetermined Mosaic","NWD102383"
"7731172094","13",46728583,64259484,17530901,0.0283,0.0185,0.9999,"Undetermined Mosaic","NWD156203"
"7731172095","4",54000949,190170631,136169682,0.1753,-0.0615,1,"Mosaic Loss","NWD573756"
"7731172095","4",54000949,190170631,136169682,0.1753,-0.0615,1,"Mosaic Loss","NWD166798"
"7731172095","4",54000949,190170631,136169682,0.1753,-0.0615,1,"Mosaic Loss","NWD318046"
"7731172134","X",90626572,149712995,59086423,0.027,0.1518,0.8069,"Mosaic Gain","NWD796712"
"7731172134","X",772984,155234707,154461723,0.0325,0.107,1,"Mosaic Gain","NWD796712"
"7731172145","X",11681516,92549844,80868328,0.0255,0.0995,0.8981,"Mosaic Gain","NWD706752"
"7731172206","X",13615118,155234707,141619589,0.0288,0.1135,0.9439,"Mosaic Gain","NWD251622"
"7775626007","X",2789848,155234707,152444859,0.0763,0.0679,1,"Mosaic Gain","NWD869048"
"7775626007","5",85481442,154719256,69237814,0.022,-0.0094,1,"Undetermined Mosaic","NWD869048"
"7775626009","19",354248,22799293,22445045,0.0269,0.0048,1,"Undetermined Mosaic","NWD623961"
"7775626012","5",204952,40258578,40053626,0.0304,0.037,1,"Undetermined Mosaic","NWD749816"
"7775626012","X",50359088,138621615,88262527,0.029,0.1058,0.938,"Mosaic Gain","NWD749816"
"7778691029","8",143951849,146293414,2341565,0.0214,0.0417,0.9957,"Undetermined Mosaic","NWD621447"
"7778691029","8",143951849,146293414,2341565,0.0214,0.0417,0.9957,"Undetermined Mosaic","NWD578306"
"7778691029","9",46587,38386351,38339764,0.0246,-0.0054,1,"Undetermined Mosaic","NWD621447"
"7778691029","9",46587,38386351,38339764,0.0246,-0.0054,1,"Undetermined Mosaic","NWD578306"
"7778691039","X",6052796,147715684,141662888,0.0303,0.13,1,"Mosaic Gain","NWD898685"
"7778691039","X",6052796,147715684,141662888,0.0303,0.13,1,"Mosaic Gain","NWD783415"
"7778691039","X",1615387,155234707,153619320,0.0335,0.1029,1,"Mosaic Gain","NWD898685"
"7778691039","X",1615387,155234707,153619320,0.0335,0.1029,1,"Mosaic Gain","NWD783415"
"7778691041","X",15340670,155234707,139894037,0.0249,0.1047,0.9997,"Mosaic Gain","NWD546317"
"7778691041","X",15340670,155234707,139894037,0.0249,0.1047,0.9997,"Mosaic Gain","NWD325704"
"7778691049","13",48636895,78084272,29447377,0.0533,-0.124,1,"Mosaic Loss","NWD254611"
"7778691049","15",42570718,102461162,59890444,0.0455,-0.0025,1,"Undetermined Mosaic","NWD254611"
"7778691087","12",55067467,130306303,75238836,0.0337,-0.03,1,"Undetermined Mosaic","NWD250353"
"7778691138","20",35046949,37447919,2400970,0.04,-0.0434,1,"Undetermined Mosaic","NWD892099"
"7778691138","X",2340003,155234707,152894704,0.0561,0.0626,1,"Mosaic Gain","NWD892099"
"7778691167","2",18674,4669324,4650650,0.0243,0.0454,0.9444,"Undetermined Mosaic","NWD505087"
"7778691167","14",20404614,105713449,85308835,0.1381,-0.0054,1,"Mosaic CNLOH","NWD505087"
"7778691167","1",244182973,249212429,5029456,0.0228,0.0136,0.9332,"Undetermined Mosaic","NWD505087"
"7778704001","14",94263682,107287663,13023981,0.0247,0.0223,0.999,"Undetermined Mosaic","NWD726557"
"7778704001","14",94263682,107287663,13023981,0.0247,0.0223,0.999,"Undetermined Mosaic","NWD287794"
"7778704001","14",94263682,107287663,13023981,0.0247,0.0223,0.999,"Undetermined Mosaic","NWD357066"
"7778704007","15",66930862,102461162,35530300,0.0253,0.0156,0.9999,"Undetermined Mosaic","NWD599824"
"7778704008","2",180408734,181643204,1234470,0.1353,0.0693,1,"Mosaic Gain","NWD376006"
"7778704036","14",22678473,105623498,82945025,0.0231,-0.0118,1,"Undetermined Mosaic","NWD737059"
"7778704036","X",169805,138265809,138096004,0.0242,0.1117,0.9007,"Mosaic Gain","NWD737059"
"7778704072","22",34697019,38241561,3544542,0.0307,0.0316,0.8396,"Undetermined Mosaic","NWD657875"
"7778704072","22",34697019,38241561,3544542,0.0307,0.0316,0.8396,"Undetermined Mosaic","NWD670282"
"7778704072","22",34697019,38241561,3544542,0.0307,0.0316,0.8396,"Undetermined Mosaic","NWD479101"
"7778704140","20",31398876,44523720,13124844,0.2112,-0.1916,1,"Mosaic Loss","NWD764288"
"7778712004","16",87141655,90148979,3007324,0.0273,-0.0175,0.8343,"Undetermined Mosaic","NWD269833"
"7778712004","17",8547,80895745,80887198,0.0284,0.01,1,"Undetermined Mosaic","NWD269833"
"7778712010","X",169805,155234707,155064902,0.0259,0.1233,1,"Mosaic Gain","NWD676838"
"7778712010","X",169805,155234707,155064902,0.0259,0.1233,1,"Mosaic Gain","NWD898755"
"7778712010","X",169805,155234707,155064902,0.0259,0.1233,1,"Mosaic Gain","NWD788170"
"7778712020","4",123283993,125157264,1873271,0.1061,-0.1396,1,"Mosaic Loss","NWD169857"
"7778712040","9",7994225,89025919,81031694,0.0252,0.009,0.9963,"Undetermined Mosaic","NWD561786"
"7778712040","X",169805,155234707,155064902,0.0302,0.1277,1,"Mosaic Gain","NWD561786"
"7778712040","3",61495,60900460,60838965,0.0229,0.0062,1,"Undetermined Mosaic","NWD561786"
"7778712074","1",838555,5281117,4442562,0.0196,0.0499,0.8349,"Undetermined Mosaic","NWD132260"
"7778712074","1",838555,5281117,4442562,0.0196,0.0499,0.8349,"Undetermined Mosaic","NWD965377"
"7778712074","1",838555,5281117,4442562,0.0196,0.0499,0.8349,"Undetermined Mosaic","NWD939453"
"7778712074","1",838555,5281117,4442562,0.0196,0.0499,0.8349,"Undetermined Mosaic","NWD747840"
"7778712141","12",505759,129852893,129347134,0.0282,0.013,1,"Undetermined Mosaic","NWD661360"
"7778712141","X",169805,155234707,155064902,0.0331,0.1007,1,"Mosaic Gain","NWD661360"
"7778721167","22",47240864,51211392,3970528,0.0209,0.0385,0.8483,"Undetermined Mosaic","NWD571985"
"7778721167","X",169805,139611076,139441271,0.0274,0.1216,0.9998,"Mosaic Gain","NWD571985"
"7778747002","X",9578169,108676076,99097907,0.0256,0.1173,0.9717,"Mosaic Gain","NWD788505"
"7800254033","X",12837558,155234707,142397149,0.0292,0.0891,1,"Mosaic Gain","NWD365908"
"7800254098","X",33478054,109990596,76512542,0.1145,0.248,1,"Mosaic Gain","NWD861846"
"7800254098","X",33478054,109990596,76512542,0.1145,0.248,1,"Mosaic Gain","NWD619893"
"7800254098","X",111680450,155234707,43554257,0.1141,0.2545,1,"Mosaic Gain","NWD861846"
"7800254098","X",111680450,155234707,43554257,0.1141,0.2545,1,"Mosaic Gain","NWD619893"
"7800254098","X",169805,32874006,32704201,0.1146,0.2582,1,"Mosaic Gain","NWD861846"
"7800254098","X",169805,32874006,32704201,0.1146,0.2582,1,"Mosaic Gain","NWD619893"
"7800254102","X",9551677,155234707,145683030,0.0331,0.1019,1,"Mosaic Gain","NWD896277"
"7802989025","5",83408465,140764038,57355573,0.0256,-0.0217,1,"Undetermined Mosaic","NWD707797"
"7802989025","20",63244,31091206,31027962,0.0285,0.0107,1,"Undetermined Mosaic","NWD707797"
"7802989034","13",30737203,56264968,25527765,0.198,-0.2819,1,"Mosaic Loss","NWD737807"
"7802989034","22",26141526,51211392,25069866,0.0389,0.0442,1,"Undetermined Mosaic","NWD737807"
"7802989049","2",137474142,240605763,103131621,0.0269,-0.0027,1,"Undetermined Mosaic","NWD874677"
"7802989066","9",272191,20455616,20183425,0.0929,-0.0101,1,"Undetermined Mosaic","NWD569911"
"7802989072","17",32688183,70248827,37560644,0.0354,0.0313,1,"Undetermined Mosaic","NWD368317"
"7802989091","12",191619,133768553,133576934,0.0503,0.0562,1,"Mosaic Gain","NWD344656"
"7802989091","12",191619,133768553,133576934,0.0503,0.0562,1,"Mosaic Gain","NWD296765"
"7802989094","1",846808,2240006,1393198,0.0268,-0.0214,0.84,"Undetermined Mosaic","NWD201731"
"7802989094","1",846808,2240006,1393198,0.0268,-0.0214,0.84,"Undetermined Mosaic","NWD919252"
"7802989094","1",846808,2240006,1393198,0.0268,-0.0214,0.84,"Undetermined Mosaic","NWD605421"
"7802997044","X",10151031,155234707,145083676,0.0302,0.0987,1,"Mosaic Gain","NWD602797"
"7802997044","X",102951652,155234707,52283055,0.0288,0.1146,0.9684,"Mosaic Gain","NWD602797"
"7802997051","9",46587,4240743,4194156,0.023,-0.0133,0.9118,"Undetermined Mosaic","NWD684043"
"7802997051","8",141660770,146293414,4632644,0.0214,0.0364,0.9072,"Undetermined Mosaic","NWD684043"
"7802997083","22",49050435,51211392,2160957,0.0231,0.0171,0.9831,"Undetermined Mosaic","NWD738088"
"7802997083","22",49050435,51211392,2160957,0.0231,0.0171,0.9831,"Undetermined Mosaic","NWD821034"
"7802997083","22",49050435,51211392,2160957,0.0231,0.0171,0.9831,"Undetermined Mosaic","NWD633029"
"7802997083","22",49050435,51211392,2160957,0.0231,0.0171,0.9831,"Undetermined Mosaic","NWD537503"
"7802997083","X",169805,155234707,155064902,0.0253,0.1217,1,"Mosaic Gain","NWD738088"
"7802997083","X",169805,155234707,155064902,0.0253,0.1217,1,"Mosaic Gain","NWD821034"
"7802997083","X",169805,155234707,155064902,0.0253,0.1217,1,"Mosaic Gain","NWD633029"
"7802997083","X",169805,155234707,155064902,0.0253,0.1217,1,"Mosaic Gain","NWD537503"
"7802997115","20",50317531,61307430,10989899,0.0253,0.0162,0.9939,"Undetermined Mosaic","NWD238498"
"7802997115","20",50317531,61307430,10989899,0.0253,0.0162,0.9939,"Undetermined Mosaic","NWD622060"
"7802997132","14",30396038,107222493,76826455,0.0712,0.0067,1,"Undetermined Mosaic","NWD969087"
"7802997155","X",2703633,155234707,152531074,0.0421,0.0814,1,"Mosaic Gain","NWD664132"
"7802997177","6",537157,27884916,27347759,0.1598,5e-04,1,"Mosaic CNLOH","NWD449409"
"7802997178","X",12593795,30236394,17642599,0.0272,0.1172,0.8726,"Mosaic Gain","NWD339951"
"7802997178","X",12593795,30236394,17642599,0.0272,0.1172,0.8726,"Mosaic Gain","NWD176422"
"7802997190","3",122014566,131190769,9176203,0.0192,0.0042,0.9232,"Undetermined Mosaic","NWD118479"
"7802997190","3",122014566,131190769,9176203,0.0192,0.0042,0.9232,"Undetermined Mosaic","NWD822229"
"7802997201","6",135933005,162540329,26607324,0.0297,-0.032,0.9999,"Undetermined Mosaic","NWD218593"
"7802997201","6",135933005,162540329,26607324,0.0297,-0.032,0.9999,"Undetermined Mosaic","NWD942821"
"7815181001","X",3030426,155234707,152204281,0.0572,0.071,1,"Mosaic Gain","NWD733606"
"7822736003","16",28157460,30914395,2756935,0.1199,-0.095,1,"Mosaic Loss","NWD759025"
"7822752004","12",221203,133810935,133589732,0.1124,0.1497,1,"Mosaic Gain","NWD631301"
"7822752004","12",221203,133810935,133589732,0.1124,0.1497,1,"Mosaic Gain","NWD223102"
"7822752004","X",15407061,155234707,139827646,0.0244,0.1169,0.9975,"Mosaic Gain","NWD631301"
"7822752004","X",15407061,155234707,139827646,0.0244,0.1169,0.9975,"Mosaic Gain","NWD223102"
"7822752004","20",31904672,48034156,16129484,0.0293,-0.0085,0.994,"Undetermined Mosaic","NWD631301"
"7822752004","20",31904672,48034156,16129484,0.0293,-0.0085,0.994,"Undetermined Mosaic","NWD223102"
"8391245067","1",245348263,247769692,2421429,0.0234,0.0107,0.9111,"Undetermined Mosaic","NWD539972"
"8391245067","18",46368541,78015180,31646639,0.0381,-0.0315,1,"Undetermined Mosaic","NWD539972"
"8391245087","11",116553025,118502948,1949923,0.041,0.0171,1,"Undetermined Mosaic","NWD693050"
"8391245113","15",51616480,79812794,28196314,0.0235,-0.0026,0.8047,"Undetermined Mosaic","NWD519318"
"8391245113","15",51616480,79812794,28196314,0.0235,-0.0026,0.8047,"Undetermined Mosaic","NWD100234"
"8391245124","9",185632,27109600,26923968,0.0524,0.0043,1,"Undetermined Mosaic","NWD494996"
"8391245124","9",185632,27109600,26923968,0.0524,0.0043,1,"Undetermined Mosaic","NWD992191"
"8391245132","11",88142353,132871336,44728983,0.0238,0.0031,0.9451,"Undetermined Mosaic","NWD675983"
"8391253075","13",46656669,115103529,68446860,0.0254,-0.0426,0.8142,"Undetermined Mosaic","NWD396732"
"8391253075","5",157527036,180693127,23166091,0.1506,0.0229,1,"Mosaic CNLOH","NWD396732"
"8391253139","13",25454905,112862188,87407283,0.0335,-0.0391,1,"Undetermined Mosaic","NWD927596"
"8391261003","X",9222828,155234707,146011879,0.0327,0.1007,1,"Mosaic Gain","NWD354654"
"8391261063","11",132734328,134934063,2199735,0.0203,0.0391,0.9497,"Undetermined Mosaic","NWD497135"
"8391261063","11",132734328,134934063,2199735,0.0203,0.0391,0.9497,"Undetermined Mosaic","NWD746399"
"8391261063","X",6638981,155234707,148595726,0.0272,0.1118,1,"Mosaic Gain","NWD497135"
"8391261063","X",6638981,155234707,148595726,0.0272,0.1118,1,"Mosaic Gain","NWD746399"
"8391261063","X",22819521,141670218,118850697,0.0262,0.1179,0.9635,"Mosaic Gain","NWD497135"
"8391261063","X",22819521,141670218,118850697,0.0262,0.1179,0.9635,"Mosaic Gain","NWD746399"
"8391261063","12",191619,28235066,28043447,0.0245,-0.0119,0.9999,"Undetermined Mosaic","NWD497135"
"8391261063","12",191619,28235066,28043447,0.0245,-0.0119,0.9999,"Undetermined Mosaic","NWD746399"
"8391261118","X",68646375,155234707,86588332,0.0271,0.1209,0.9689,"Mosaic Gain","NWD205915"
"8391261118","X",68646375,155234707,86588332,0.0271,0.1209,0.9689,"Mosaic Gain","NWD395643"
"8391261161","14",36673875,107198718,70524843,0.0249,-0.0061,1,"Undetermined Mosaic","NWD705385"
"8391261164","X",6888290,155234707,148346417,0.0254,0.1101,0.9999,"Mosaic Gain","NWD327072"
"8391270003","9",1121085,34423498,33302413,0.0233,-0.0344,0.9954,"Undetermined Mosaic","NWD285799"
"8391270011","X",169805,155234707,155064902,0.0327,0.0925,1,"Mosaic Gain","NWD384783"
"8391270011","22",49192163,51211392,2019229,0.0261,0.0248,0.8564,"Undetermined Mosaic","NWD384783"
"8391270012","14",20213937,107287663,87073726,0.0614,0.0593,1,"Mosaic Gain","NWD812840"
"8391270012","14",20213937,107287663,87073726,0.0614,0.0593,1,"Mosaic Gain","NWD145766"
"8391270012","14",20213937,107287663,87073726,0.0614,0.0593,1,"Mosaic Gain","NWD993534"
"8391270021","7",117667791,146590038,28922247,0.0405,-0.0309,1,"Undetermined Mosaic","NWD514742"
"8391270049","X",3614787,155234707,151619920,0.0292,0.1061,0.9985,"Mosaic Gain","NWD137972"
"8391270049","X",3614787,155234707,151619920,0.0292,0.1061,0.9985,"Mosaic Gain","NWD184970"
"8391270049","1",204988535,208701134,3712599,0.0234,0.0252,0.8067,"Undetermined Mosaic","NWD137972"
"8391270049","1",204988535,208701134,3712599,0.0234,0.0252,0.8067,"Undetermined Mosaic","NWD184970"
"8391270049","6",7267582,18602913,11335331,0.0324,0.0029,0.9984,"Undetermined Mosaic","NWD137972"
"8391270049","6",7267582,18602913,11335331,0.0324,0.0029,0.9984,"Undetermined Mosaic","NWD184970"
"8391270075","14",22536550,96693643,74157093,0.0254,-0.0222,0.8719,"Undetermined Mosaic","NWD466592"
"8391270083","X",8332613,155234707,146902094,0.0269,0.1097,0.9998,"Mosaic Gain","NWD791984"
"8391270095","16",304514,23292173,22987659,0.0386,0.0158,1,"Undetermined Mosaic","NWD225666"
"8391270096","22",27227219,30405983,3178764,0.1415,-0.1165,1,"Mosaic Loss","NWD521265"
"8391270096","22",27227219,30405983,3178764,0.1415,-0.1165,1,"Mosaic Loss","NWD833000"
"8391270131","21",10824040,48090629,37266589,0.0425,-0.0388,1,"Undetermined Mosaic","NWD883310"
"8391270131","17",8547,81052262,81043715,0.0389,0.0214,1,"Undetermined Mosaic","NWD883310"
"8391270145","13",51390447,115103529,63713082,0.1842,-0.037,1,"Mosaic CNLOH","NWD867432"
"8391270145","13",19655333,50443678,30788345,0.1797,-0.0211,1,"Mosaic CNLOH","NWD867432"
"8391270150","11",84713513,134551700,49838187,0.0237,-0.0071,0.8777,"Undetermined Mosaic","NWD937205"
"8391270152","X",169805,155234707,155064902,0.0391,0.0829,1,"Mosaic Gain","NWD970454"
"8391270152","14",63481573,107287663,43806090,0.027,0.0035,1,"Undetermined Mosaic","NWD970454"
"8391288035","X",2609717,155234707,152624990,0.038,0.0995,1,"Mosaic Gain","NWD153294"
"8391288053","17",28524804,30861819,2337015,0.0554,-0.0761,1,"Mosaic Loss","NWD388958"
"8391288066","12",367902,133810935,133443033,0.0358,0.0298,1,"Undetermined Mosaic","NWD708465"
"8391288066","7",103318924,140964847,37645923,0.0289,-0.0552,1,"Mosaic Loss","NWD708465"
"8391288081","X",169805,79945587,79775782,0.0276,0.0993,0.994,"Mosaic Gain","NWD478763"
"8391288081","12",10177037,127204965,117027928,0.0265,-0.011,1,"Undetermined Mosaic","NWD478763"
"8391288081","17",38641505,81052262,42410757,0.0398,0.0232,1,"Undetermined Mosaic","NWD478763"
"8391288081","22",16114244,51211392,35097148,0.0313,0.0751,1,"Mosaic Gain","NWD478763"
"8391288082","X",1664497,137385425,135720928,0.0247,0.1188,0.9712,"Mosaic Gain","NWD661866"
"8391288082","19",36672383,59097160,22424777,0.024,0.0098,1,"Undetermined Mosaic","NWD661866"
"8391288099","7",107770624,144094613,36323989,0.0799,-0.0966,1,"Mosaic Loss","NWD339737"
"8391288099","7",107770624,144094613,36323989,0.0799,-0.0966,1,"Mosaic Loss","NWD731840"
"8391288099","7",107770624,144094613,36323989,0.0799,-0.0966,1,"Mosaic Loss","NWD971428"
"8391288111","X",515011,155234707,154719696,0.0402,0.091,1,"Mosaic Gain","NWD738080"
"8391288156","13",107747543,115103529,7355986,0.0249,0.0243,0.8819,"Undetermined Mosaic","NWD554427"
"8391288156","13",107747543,115103529,7355986,0.0249,0.0243,0.8819,"Undetermined Mosaic","NWD194265"
"8391288156","13",107747543,115103529,7355986,0.0249,0.0243,0.8819,"Undetermined Mosaic","NWD413009"
"8391288156","14",19005102,103263788,84258686,0.0286,-0.0074,0.9989,"Undetermined Mosaic","NWD554427"
"8391288156","14",19005102,103263788,84258686,0.0286,-0.0074,0.9989,"Undetermined Mosaic","NWD194265"
"8391288156","14",19005102,103263788,84258686,0.0286,-0.0074,0.9989,"Undetermined Mosaic","NWD413009"
"8391296006","X",3449529,139472600,136023071,0.0349,0.0981,1,"Mosaic Gain","NWD936788"
"8391296023","8",102068160,145223317,43155157,0.0485,0.0027,1,"Undetermined Mosaic","NWD973709"
"8391296058","16",81858172,90148979,8290807,0.0235,0.018,0.9731,"Undetermined Mosaic","NWD303416"
"8391296058","17",8547,70295760,70287213,0.0246,0.0179,0.9758,"Undetermined Mosaic","NWD303416"
"8391296068","7",79085543,122286939,43201396,0.0206,-0.0061,0.9999,"Undetermined Mosaic","NWD616566"
"8391296068","7",79085543,122286939,43201396,0.0206,-0.0061,0.9999,"Undetermined Mosaic","NWD398458"
"8391296068","7",79085543,122286939,43201396,0.0206,-0.0061,0.9999,"Undetermined Mosaic","NWD595487"
"8391296085","X",13647506,155234707,141587201,0.0295,0.1098,0.9962,"Mosaic Gain","NWD932954"
"8391296095","1",10934895,120137445,109202550,0.0265,-0.0023,1,"Undetermined Mosaic","NWD154075"
"8391296116","6",203878,26449895,26246017,0.0258,-0.0083,1,"Undetermined Mosaic","NWD892606"
"8391296120","X",169805,155234707,155064902,0.0325,0.0976,1,"Mosaic Gain","NWD720811"
"8391296129","X",169805,155234707,155064902,0.0295,0.1219,0.995,"Mosaic Gain","NWD363235"
"8391296129","X",169805,155234707,155064902,0.0295,0.1219,0.995,"Mosaic Gain","NWD368840"
"8391296129","X",169805,155234707,155064902,0.0295,0.1219,0.995,"Mosaic Gain","NWD344006"
"8391296129","22",36984307,51211392,14227085,0.0264,0.0093,0.9252,"Undetermined Mosaic","NWD363235"
"8391296129","22",36984307,51211392,14227085,0.0264,0.0093,0.9252,"Undetermined Mosaic","NWD368840"
"8391296129","22",36984307,51211392,14227085,0.0264,0.0093,0.9252,"Undetermined Mosaic","NWD344006"
"8391296129","19",54960503,58907700,3947197,0.0394,0.0371,1,"Undetermined Mosaic","NWD363235"
"8391296129","19",54960503,58907700,3947197,0.0394,0.0371,1,"Undetermined Mosaic","NWD368840"
"8391296129","19",54960503,58907700,3947197,0.0394,0.0371,1,"Undetermined Mosaic","NWD344006"
"8391296153","17",36141982,78406036,42264054,0.0259,0.0011,0.9996,"Undetermined Mosaic","NWD314687"
"8391296159","9",38678740,104240708,65561968,0.0559,-0.0623,1,"Mosaic Loss","NWD136294"
"8391296159","9",38678740,104240708,65561968,0.0559,-0.0623,1,"Mosaic Loss","NWD177508"
"8391296161","1",151173113,249212429,98039316,0.03,0.0041,1,"Undetermined Mosaic","NWD673836"
"8391296161","2",18674,1157068,1138394,0.0215,0.0269,0.9018,"Undetermined Mosaic","NWD673836"
"8391296166","18",87505,33130928,33043423,0.0229,-0.0098,1,"Undetermined Mosaic","NWD880333"
"8391296166","18",87505,33130928,33043423,0.0229,-0.0098,1,"Undetermined Mosaic","NWD437189"
"8391296166","17",77004644,81052262,4047618,0.0195,0.0062,0.8892,"Undetermined Mosaic","NWD880333"
"8391296166","17",77004644,81052262,4047618,0.0195,0.0062,0.8892,"Undetermined Mosaic","NWD437189"
"8391296168","X",3415710,155234707,151818997,0.0338,0.082,1,"Mosaic Gain","NWD336914"
"8391309013","X",2046202,155234707,153188505,0.0541,0.0657,1,"Mosaic Gain","NWD898731"
"8478359003","17",8547,27493366,27484819,0.0268,0.0424,0.9481,"Undetermined Mosaic","NWD519064"
"8478359005","19",304499,19854603,19550104,0.0285,0.0035,0.9999,"Undetermined Mosaic","NWD916562"
"8478359005","19",304499,19854603,19550104,0.0285,0.0035,0.9999,"Undetermined Mosaic","NWD773527"
"8478359009","22",25886661,30163571,4276910,0.0976,-0.0439,1,"Undetermined Mosaic","NWD722101"
"8478359009","X",660336,138967742,138307406,0.0281,0.1026,0.8731,"Mosaic Gain","NWD722101"
"8478359010","15",99364370,102461162,3096792,0.0249,0.0214,0.9465,"Undetermined Mosaic","NWD296386"
"8478359010","15",99364370,102461162,3096792,0.0249,0.0214,0.9465,"Undetermined Mosaic","NWD132168"
"8478359010","16",84130,27374340,27290210,0.0265,0.0216,1,"Undetermined Mosaic","NWD296386"
"8478359010","16",84130,27374340,27290210,0.0265,0.0216,1,"Undetermined Mosaic","NWD132168"
"8478359011","22",42857285,51211392,8354107,0.0193,0.0336,0.8859,"Undetermined Mosaic","NWD195644"
"8478359011","X",169805,155234707,155064902,0.0239,0.1162,0.9995,"Mosaic Gain","NWD195644"
"8478359013","X",169805,150385007,150215202,0.0291,0.1107,0.9873,"Mosaic Gain","NWD904591"
"8478359022","X",169805,155234707,155064902,0.0292,0.097,1,"Mosaic Gain","NWD578185"
"8478359022","X",169805,155234707,155064902,0.0292,0.097,1,"Mosaic Gain","NWD530345"
"8478359037","20",31728567,55437711,23709144,0.0464,-0.0147,1,"Undetermined Mosaic","NWD339884"
"8478359040","X",6696168,155234707,148538539,0.0265,0.1089,1,"Mosaic Gain","NWD520673"
"8478359040","X",6696168,155234707,148538539,0.0265,0.1089,1,"Mosaic Gain","NWD495151"
"8478359042","20",30915461,50419766,19504305,0.0612,-0.0349,1,"Undetermined Mosaic","NWD305244"
"8478359042","20",30915461,50419766,19504305,0.0612,-0.0349,1,"Undetermined Mosaic","NWD619992"
"8478359055","X",7517325,155234707,147717382,0.0281,0.098,1,"Mosaic Gain","NWD323646"
"8478359055","X",7517325,155234707,147717382,0.0281,0.098,1,"Mosaic Gain","NWD237981"
"8478359056","X",1499770,155234707,153734937,0.0636,0.0794,1,"Mosaic Gain","NWD927857"
"8478359062","17",68672150,76862105,8189955,0.0213,0.033,0.9685,"Undetermined Mosaic","NWD827720"
"8478359139","X",12791021,155227315,142436294,0.0253,0.1172,0.97,"Mosaic Gain","NWD393182"
"8478359139","X",12791021,155227315,142436294,0.0253,0.1172,0.97,"Mosaic Gain","NWD511757"
"8478359150","12",53283198,133384736,80101538,0.0378,-0.0065,1,"Undetermined Mosaic","NWD845581"
"8478359160","9",90324200,140250750,49926550,0.0243,0.0076,1,"Undetermined Mosaic","NWD103259"
"8478359160","22",16114244,40137600,24023356,0.0277,0.0425,1,"Undetermined Mosaic","NWD103259"
"8478359167","11",75044798,134934063,59889265,0.0383,0.0124,1,"Undetermined Mosaic","NWD767386"
"8478359167","11",75044798,134934063,59889265,0.0383,0.0124,1,"Undetermined Mosaic","NWD390007"
"8478359183","11",193146,46681016,46487870,0.0594,0.0275,1,"Undetermined Mosaic","NWD795714"
"8478359200","6",203878,18141308,17937430,0.0353,0.003,1,"Undetermined Mosaic","NWD851220"
"8490981027","20",63244,19505246,19442002,0.0243,0.0072,0.8775,"Undetermined Mosaic","NWD542615"
"8490981082","13",20793869,115103529,94309660,0.0558,-0.0313,1,"Undetermined Mosaic","NWD246204"
"8490981082","12",191619,133810935,133619316,0.0311,0.0152,1,"Undetermined Mosaic","NWD246204"
"8490981096","X",85657147,155228631,69571484,0.0268,0.1075,0.8754,"Mosaic Gain","NWD423134"
"8490981099","3",381302,50131235,49749933,0.0266,0.0037,1,"Undetermined Mosaic","NWD876647"
"8490981101","X",169805,81697926,81528121,0.0326,0.1064,0.9999,"Mosaic Gain","NWD459674"
"8490981102","15",68633773,102461162,33827389,0.031,0.0084,1,"Undetermined Mosaic","NWD533993"
"8490981102","15",68633773,102461162,33827389,0.031,0.0084,1,"Undetermined Mosaic","NWD796543"
"8490981102","16",84130,1129010,1044880,0.0318,0.059,0.8254,"Mosaic Gain","NWD533993"
"8490981102","16",84130,1129010,1044880,0.0318,0.059,0.8254,"Mosaic Gain","NWD796543"
"8490981106","X",18322666,155234707,136912041,0.027,0.1171,0.9663,"Mosaic Gain","NWD452515"
"8490981106","X",18322666,155234707,136912041,0.027,0.1171,0.9663,"Mosaic Gain","NWD727965"
"8490981112","13",36771017,64020810,27249793,0.1971,-0.3071,1,"Mosaic Loss","NWD405147"
"8490981112","16",84130,2260567,2176437,0.0292,0.0298,0.8227,"Undetermined Mosaic","NWD405147"
"8490981112","15",93108185,102461162,9352977,0.0246,0.0131,0.8588,"Undetermined Mosaic","NWD405147"
"8490981114","13",99537431,115090131,15552700,0.0773,0.0015,1,"Undetermined Mosaic","NWD175226"
"8490981114","13",45914957,99400283,53485326,0.0791,-0.0582,1,"Mosaic Loss","NWD175226"
"8490981125","7",123916425,129649530,5733105,0.0643,-0.0903,1,"Mosaic Loss","NWD774590"
"8494893037","21",15463690,48090629,32626939,0.0657,-0.0775,1,"Mosaic Loss","NWD294006"
"8494893037","17",38924,28524804,28485880,0.0623,-0.0324,1,"Undetermined Mosaic","NWD294006"
"8494893037","17",29109663,81033874,51924211,0.0494,0.0628,1,"Mosaic Gain","NWD294006"
"8494893080","21",17406282,36517454,19111172,0.0245,-0.0438,1,"Undetermined Mosaic","NWD228718"
"8494893087","X",130807799,155234707,24426908,0.0307,0.1157,0.909,"Mosaic Gain","NWD521197"
"8495087170","18",3991413,8218123,4226710,0.0302,0.0489,0.9883,"Undetermined Mosaic","NWD828863"
"8495087170","4",104414948,106052258,1637310,0.0691,-0.1469,1,"Mosaic Loss","NWD828863"
"9258111160","X",101216656,155236747,54020091,0.0306,0.0144,1,"Undetermined Mosaic","NWD632980"
"9258111160","11",74823345,134194937,59371592,0.0299,-0.0613,1,"Mosaic Loss","NWD632980"
"9270003079","X",7964744,147558978,139594234,0.0219,-0.0135,1,"Undetermined Mosaic","NWD501414"
"9270003079","X",7964744,147558978,139594234,0.0219,-0.0135,1,"Undetermined Mosaic","NWD873892"
"9270003089","13",50732675,51826156,1093481,0.1036,-0.1243,1,"Mosaic Loss","NWD820831"
"9270003089","13",50732675,51826156,1093481,0.1036,-0.1243,1,"Mosaic Loss","NWD471394"
"9270003089","13",50732675,51826156,1093481,0.1036,-0.1243,1,"Mosaic Loss","NWD362925"
"9299811134","X",1465537,155236747,153771210,0.0325,-0.0258,1,"Undetermined Mosaic","NWD827943"
"9299812039","1",752721,84427052,83674331,0.0338,0.0068,0.9999,"Undetermined Mosaic","NWD258380"
"9299812039","1",752721,84427052,83674331,0.0338,0.0068,0.9999,"Undetermined Mosaic","NWD281728"
"9299812122","X",95039810,139052852,44013042,0.0239,-8e-04,0.9985,"Undetermined Mosaic","NWD133239"
"9299812122","10",93585997,135477883,41891886,0.0227,0.0018,1,"Undetermined Mosaic","NWD133239"
"9299812128","X",5787712,155236747,149449035,0.0262,-0.037,0.9951,"Undetermined Mosaic","NWD244458"
"9299812128","X",5787712,155236747,149449035,0.0262,-0.037,0.9951,"Undetermined Mosaic","NWD297478"
"9299812128","X",5787712,155236747,149449035,0.0262,-0.037,0.9951,"Undetermined Mosaic","NWD635137"
"9299812128","X",5787712,155236747,149449035,0.0262,-0.037,0.9951,"Undetermined Mosaic","NWD899921"
"9347431088","7",116940048,120816763,3876715,0.1582,0.0707,0.9781,"Mosaic Gain","NWD910286"
"9347431108","3",105455366,120118730,14663364,0.0403,-0.072,1,"Mosaic Loss","NWD625422"
"9347431108","X",10243939,135837778,125593839,0.0227,-0.01,0.9094,"Undetermined Mosaic","NWD625422"
"9347431123","X",32130,155236747,155204617,0.0268,-0.0302,1,"Undetermined Mosaic","NWD997886"
"9347431159","X",32130,147035886,147003756,0.0214,-0.011,0.8316,"Undetermined Mosaic","NWD600151"
"9347431160","13",50501769,51623265,1121496,0.0531,-0.0963,0.9851,"Mosaic Loss","NWD138233"
"9347431165","14",73824705,76569483,2744778,0.032,-0.0265,0.9916,"Undetermined Mosaic","NWD487680"
"9347431166","18",13034,77358665,77345631,0.0336,0.0326,1,"Undetermined Mosaic","NWD232750"
"9347431166","18",13034,77358665,77345631,0.0336,0.0326,1,"Undetermined Mosaic","NWD510175"
"9347431166","18",13034,77358665,77345631,0.0336,0.0326,1,"Undetermined Mosaic","NWD159667"
"9347431166","18",13034,77358665,77345631,0.0336,0.0326,1,"Undetermined Mosaic","NWD823420"
"9347431166","3",187438522,188561017,1122495,0.0382,-0.0584,0.8854,"Mosaic Loss","NWD232750"
"9347431166","3",187438522,188561017,1122495,0.0382,-0.0584,0.8854,"Mosaic Loss","NWD510175"
"9347431166","3",187438522,188561017,1122495,0.0382,-0.0584,0.8854,"Mosaic Loss","NWD159667"
"9347431166","3",187438522,188561017,1122495,0.0382,-0.0584,0.8854,"Mosaic Loss","NWD823420"
"9347431166","16",2056851,31812442,29755591,0.0664,-6e-04,1,"Undetermined Mosaic","NWD232750"
"9347431166","16",2056851,31812442,29755591,0.0664,-6e-04,1,"Undetermined Mosaic","NWD510175"
"9347431166","16",2056851,31812442,29755591,0.0664,-6e-04,1,"Undetermined Mosaic","NWD159667"
"9347431166","16",2056851,31812442,29755591,0.0664,-6e-04,1,"Undetermined Mosaic","NWD823420"
"9347431166","X",3298820,155236747,151937927,0.0231,-0.01,0.9917,"Undetermined Mosaic","NWD232750"
"9347431166","X",3298820,155236747,151937927,0.0231,-0.01,0.9917,"Undetermined Mosaic","NWD510175"
"9347431166","X",3298820,155236747,151937927,0.0231,-0.01,0.9917,"Undetermined Mosaic","NWD159667"
"9347431166","X",3298820,155236747,151937927,0.0231,-0.01,0.9917,"Undetermined Mosaic","NWD823420"
"9347475024","X",13529722,155236747,141707025,0.0189,-0.0041,0.9996,"Undetermined Mosaic","NWD132066"
"9347475029","12",106781554,111833253,5051699,0.1013,-0.1151,1,"Mosaic Loss","NWD375948"
"9347475029","12",106781554,111833253,5051699,0.1013,-0.1151,1,"Mosaic Loss","NWD770274"
"9347475032","X",4950940,138263121,133312181,0.0203,-0.0201,0.9957,"Undetermined Mosaic","NWD786922"
"9347475035","X",1598598,155236747,153638149,0.0294,-0.028,1,"Undetermined Mosaic","NWD250654"
"9347475035","14",88722446,89852988,1130542,0.0252,-0.0151,0.9648,"Undetermined Mosaic","NWD250654"
"9347475045","20",40162911,45476574,5313663,0.0282,-0.0324,1,"Undetermined Mosaic","NWD968761"
"9347475045","20",40162911,45476574,5313663,0.0282,-0.0324,1,"Undetermined Mosaic","NWD253987"
"9347475052","4",97419088,190764527,93345439,0.1796,0.0091,1,"Mosaic CNLOH","NWD830271"
"9347475062","1",752721,120341212,119588491,0.1209,0.0038,1,"Mosaic CNLOH","NWD870658"
"9347475062","3",59436405,81440354,22003949,0.0267,-0.0729,0.8657,"Mosaic Loss","NWD870658"
"9347475069","9",318153,28395585,28077432,0.0265,-0.0409,1,"Undetermined Mosaic","NWD543694"
"9347475069","X",2622260,155236747,152614487,0.0323,-0.0314,1,"Undetermined Mosaic","NWD543694"
"9347475069","X",16223416,155236747,139013331,0.0257,-0.0299,0.9999,"Undetermined Mosaic","NWD543694"
"9347475085","19",51280756,63759397,12478641,0.0378,0.0301,1,"Undetermined Mosaic","NWD881023"
"9347475101","X",6789445,155236747,148447302,0.0212,2e-04,0.9458,"Undetermined Mosaic","NWD457210"
"9347475101","X",6789445,155236747,148447302,0.0212,2e-04,0.9458,"Undetermined Mosaic","NWD822881"
"9347475113","11",85986047,134934063,48948016,0.0325,-0.0468,1,"Undetermined Mosaic","NWD813812"
"9347475113","X",121992656,150353526,28360870,0.0306,0.0139,0.9996,"Undetermined Mosaic","NWD813812"
